1,8-Box-Standard-Black-Mini
2,8-Box-Standard-Cafla-Mini
3,Amppro-EDB-40BK
4,Amppro-EDB-40RD
5,Arborea-ASH-5A
6,Arborea-ASH-5B
7,Arborea-ASH-7A
8,Aroma-AC-30
9,Artesasi-AMH11
10,Artesia-A-61-WH
11,AW392BK
12,AW392N
13,AW392SB
14,Belcat-BS-06-M-BK
15,BJ-70-B-BK
16,Blackstar-amPlug2-Fly-Bass
17,Blackstar-amPlug2-FLY-Guitar
18,Blackstar-FLY-3-Bass
19,Boss-AD-2
20,Boss-FS-7
21,Boss-FV-500H
22,Boss-FV-500L
23,Boss-Katana-MINI
24,Boss-RC-1-BK
25,Boss-RC-1-RD
26,Bullet-AC45R-BATT-BR
27,Bullet-AC45R-BATT-WH
28,Carlsbro-BXJ010A-5M
29,Carlsbro-CSD100
30,Carlsbro-CSD600
31,Carlsbro-SIP105
32,Carlsbro-SIP105-1
33,Cherub-GB2i
34,Clevan-D20N
35,Clevan-D20SB
36,COCO-UK2413A
37,CPX500II
38,Daddario-Classic-PW-CGTRA-20
39,Daddario-PWAT-332L
40,Daddario-PWAT-333L
41,Dixon-PP9270D
42,Dr-Strings-NMCA-12
43,Echopack-DCKB-ECHOPACK61
44,Echopack-E-BG-BL
45,Echopack-E-BG-GY
46,Epiphone-Premium-Electric-Guitar-Gig-Bag
47,Epiphone-Slash-AFD-LP-Performance-Pack
48,Ernie-Ball-Classic-Jacquard-California-Weave-P04092
49,Ernie-Ball-Classic-Jacquard-Camo-P04105
50,Ernie-Ball-Classic-Jacquard-Midnight-Blossom-P04108
51,Ernie-Ball-Classic-Jacquard-Morning-Blossom-P04107
52,Ernie-Ball-Classic-Jacquard-Regal-Black-P04093
53,Ernie-Ball-Classic-Jacquard-Santa-Fe-P04090
54,Ernie-Ball-Classic-Jacquard-Vintage-Weave-P04094
55,Ernie-Ball-P04039
56,Ernie-Ball-P04100
57,Ernie-Ball-P04105
58,Ernie-Ball-P04149
59,Ernie-Ball-P06077
60,Ernie-Ball-P06078
61,Ernie-Ball-P06079
62,Ernie-Ball-P06080
63,Ernie-Ball-P06081
64,Ernie-Ball-P06082
65,Ernie-Ball-P06083
66,Ernie-Ball-P06084
67,Ernie-Ball-P06085
68,Ernie-Ball-P06086
69,Ernie-Ball-Paradigm-Phosphor-Bronze-Medium-Light-P02076
70,Ernie-Ball-Uku-Strings-P02326
71,Ernie-Ball-Uku-Strings-P02329
72,Evans-B14DRY
73,Evans-B14G1D
74,Evans-B14G1RD
75,Evans-B14HDD
76,Evans-BD22G2
77,Evans-BD22HBG
78,Evans-TT14HBG
79,Fantasia-F90N
80,Fantasia-F90SB
81,Fantasia-QAG401GBK
82,Fantasia-QAG401GN
83,Fantasia-QAG401GSB
84,Fender-Acoustasonic-40
85,Fender-Blues-Junior-IV
86,Fender-CN-90
87,Fender-Deluxe-Strat-HSS-Blizzard-Pearl-0147202355
88,Fender-Flannel-Polish-Cloth
89,Fender-Hot-Rod-Deluxe-IV
90,Fender-Monogrammed-BL-BK
91,Fender-Monogrammed-BR-BK
92,Fender-Monogrammed-GR-BK
93,Fender-Monogrammed-RD-BK
94,Fender-Player-HH-PF-SB-0145233500
95,Fender-Player-Tele-MN-BK-0145212506
96,Fender-Player-Tele-MN-BS-0145212550
97,Fender-Player-Tele-MN-SB-0145212500
98,Fender-Player-Tele-MN-TP-0145212513
99,Fishman-DCFM-41BK
100,Fishman-DCFM-41BR
101,Focusrite-Scarlett-Solo-Studio-3rd-Gen
102,GECS-ATT-OBL
103,GECS-ATT-SB
104,GECS-EST-NA
105,GECS-EST-RW
106,GECS-GFX-BLF
107,GECS-GFX-MET
108,GECS-GFX-OL
109,Gibson-Bucket-Guitar-Care-Kit
110,Gibson-Knobs-PRMK-010
111,Gibson-Knobs-PRMK-020
112,Gibson-Knobs-PRMK-030
113,Gibson-Polish-Cloth
114,Gibson-PPAT-300
115,Gibson-PPAT-310
116,Gibson-PPAT-500
117,Gibson-PPAT-510
118,Gibson-Tortoise-M-BR
119,Gibson-Tortoise-T-WH
120,Guitto-GPB-02B
121,Guitto-GPB-03B
122,Hohner-Little-Lady-Gold-Plated
123,Hohner-Remaster-Vol-1
124,Hohner-Remaster-Vol-2
125,Hohner-Remaster-Vol-3
126,Jackson-JS1X-Dinky-Minion-Neon-Green-2912223518
127,JBP-DKA
128,JBP1601A-BK
129,JBP1601A-GR
130,JBP1601A-RD
131,JBP1601C-RD
132,Joyo-Jam-Buddy-BK
133,Joyo-Jam-Buddy-ORG
134,Joyo-MA-10A
135,Joyo-MA-10B
136,Joyo-MA-10E
137,JYAS1102N
138,K&M-Alto-Sax-Stand-14360-001-55
139,K&M-Speaker-Stand-21449-000-55
140,Kazuki-AKZ-MINI1
141,Kazuki-All-Soul-41OM
142,Kazuki-BKZ-03BK
143,Kazuki-BKZ-03SB
144,Kazuki-BKZ-03WH
145,Kazuki-BKZ-TLBG-BK
146,Kazuki-BKZ-TLBG-SB
147,Kazuki-BKZ-TLBG-WH
148,Kazuki-CKZ-HS21
149,Kazuki-DLKZ41CBK-S1
150,Kazuki-DLKZ41CN-S1
151,Kazuki-DLKZ41CSB-S1
152,Kazuki-DLKZ41CWR-S1
153,Kazuki-DSHG-JG13
154,Kazuki-EHM-MG17C
155,Kazuki-TG-15
156,KickPort-DSKP2-GD
157,KickPort-DSKP2-WH
158,Kirlin-MD501
159,KNA-AP-2
160,KNA-DB-1
161,KNA-NG-1
162,Korg-PC2
163,KRK Rokit-RP10-3-G4
164,KRK-Rokit-RP5-G4
165,KRK-Rokit-RP7-G4
166,KRK-Rokit-RP8-G4
167,Laney-A-Duo
168,Laney-A-Fresco-2
169,Laney-A1
170,Laney-LA10
171,Laney-LA15C
172,Laney-LA30D
173,Martin-Lee-Z38BL
174,Martin-Lee-Z38GLS
175,Martin-Lee-Z38N
176,Martin-Lee-Z38SB
177,Martin-Lee-Z38WR
178,Martin-MA530T
179,Martin-MA535T
180,Martin-MA540T
181,Meinl-CAJ1EB-M
182,Meinl-CAJ1SNT-M
183,Meinl-TRECAJ2EB
184,Midiplus-ED9-Pro
185,MK-2085
186,MK-2089
187,MK-4500
188,MK-632
189,MK-809
190,MK-829
191,MOOER-GE100
192,Mooer-GE150
193,Nux-DM5-INT
194,Nux-Drum-Mat
195,Olympia-BJS178
196,Olympia-BJS188
197,Olympia-HQBB-4095
198,Ortega-Annalog
199,Ortega-Horse-Kick-Pro
200,Ortega-Horse-Kick-V2
201,Ortega-OCJP-GB
202,Ortega-OCJP-L-GB
203,Ortega-OMUH-BK
204,Ortega-OWGS-1
205,Ortega-OWGS-2
206,Ortega-OWUS-1
207,Ortega-OWUS-2
208,Ortega-QuantumExp
209,Ortega-QuantumLoop-Stomp-Box
210,Ortega-TWCAPO-BK
211,Ortega-TWCAPO-SV
212,Paramount-DSHG-D046
213,Paramount-DSHG-D105
214,Paramount-DSHG-FWH-1
215,Paramount-DSHG-GT5
216,Paramount-DSHG-JG11
217,Paramount-DSHG-JG13B
218,Paramount-DSHG-JG14
219,Paramount-DSHG-JG5
220,Paramount-GS-Mini-B2
221,Paramount-PB4108
222,Paramount-PINB-WH-X6
223,Paramount-QZ-QFB-02
224,Paramount-QZ-QFB-03
225,Paramount-Sticker-Note-SN-10
226,Paramount-UV10
227,Paramount-WD66BW
228,Paramount-WD66N
229,Pastel-K-161
230,Pirastro-Tonica-Viola-422021
231,Pirastro-Tonica-Violin-3D-412321
232,Promark-ActiveGrip-TXMP420XW
233,Promark-FireGrain-Classic-2B-TX2BW-FG
234,Promark-LA7AW
235,Rico-RSF05TSX3S3
236,Rico-RSF10ASX2H
237,Roland-FP-30-BK
238,Roland-PDS-10
239,Roland-PM100
240,Roland-PM200
241,Roland-PSB-230
242,Roland-SPD-SX
243,Roland-TD1KV-INT
244,Rumble-LT25
245,Squier-Affinity-Jazz-Bass-RD-0310760570
246,Squier-Affinity-Jazz-Bass-SLS-0310760581
247,Squier-Affinity-LRL-RW-BK-0310600506
248,Squier-Affinity-LRL-RW-SB-0310600532
249,Squier-Affinity-Strat-SSS-BK-0310602506
250,Squier-Bullet-Mustang-HH-BK-0311220506
251,Squier-Bullet-Mustang-HH-BL-0311220587
252,Squier-Bullet-Strat-SSS-RD
253,Squier-Classic-Vibe-70s-HSS-MN-Black-0374023506
254,Squier-Classic-Vibe-70s-Jazz-Bass-MN-BK-0374540506
255,Squier-Classic-Vibe-70s-Jazz-Bass-MN-N-0374540521
256,Squier-Classic-Vibe-70s-Jazz-Bass-MN-SB-0374540500
257,Squier-Classic-Vibe-70s-Jazz-Bass-V-MN-N-0374550521
258,Squier-Classic-Vibe-70s-LRL-Olympic-White-0374020501
259,Squier-Classic-Vibe-70s-Tele-Cstm-MN-Black-0374050506
260,Squier-Classic-Vibe-70s-Tele-DLX-MN-Olympic-White-0374060505
261,Squier-Classic-Vibe-70s-Thinline-MN-Natural-0374070521
262,Squier-Contemporary-Active-Jazz-Bass-MN-Flat-WH-0370450505
263,Studiomaster-KM52
264,Talent-N-1
265,TDS-S
266,TKCT-29
267,Tombo-Aero-Reed-Key-A
268,Tombo-Aero-Reed-Key-G
269,Tombo-Lee-Oskar-Key-F
270,Tombo-Lee-Oskar-Key-G
271,Tombo-Ultimo-Key-A
272,Tombo-Ultimo-Key-G
273,Tycoon-TDB-L
274,Tycoon-TDS-L
275,Tycoon-TIM25G-BR
276,Tycoon-TIT
277,Tycoon-TVWO-8
278,Vic-Firth-PAD12D
279,Vox-Adio-Air-BS
280,Vox-Adio-Air-GT
281,XVIVE-U2-Black
282,XVIVE-U2-Brown
283,XVIVE-U2-Carbon
284,XVIVE-U2-Silver
285,Yamaha-CGX102
286,Yamaha-F310-FYB
287,Yamaha-FG850
288,Yamaha-FX370C-N-INT
289,Yamaha-HW3
290,Yamaha-LJ16-Dark-Tinted
291,Yamaha-LJ16-Naturall
292,Yamaha-LJ16-Sunburst
293,Yamaha-LJ6-Dark-Tinted
294,Yamaha-LJ6-Natural
295,Yamaha-LJ6-Sunburst
296,Yamaha-P-45
297,Yamaha-PSR-E263